{
  "$schema": "http://json-schema.org/draft-07/schema#",
  "title": "InitMsg",
  "type": "object",
  "required": [
    "config",
    "seed"
  ],
  "properties": {
    "config": {
      "$ref": "#/definitions/Config"
    },
    "seed": {
      "$ref": "#/definitions/Seed"
    }
  },
  "definitions": {
    "Config": {
      "type": "object",
      "required": [
        "bitcoin_spv",
        "sfps",
        "state_proxy"
      ],
      "properties": {
        "bitcoin_spv": {
          "$ref": "#/definitions/ContractReference"
        },
        "sfps": {
          "$ref": "#/definitions/ContractReference"
        },
        "state_proxy": {
          "$ref": "#/definitions/ContractReference"
        }
      }
    },
    "ContractReference": {
      "type": "object",
      "required": [
        "address",
        "hash"
      ],
      "properties": {
        "address": {
          "$ref": "#/definitions/HumanAddr"
        },
        "hash": {
          "type": "string"
        }
      }
    },
    "HumanAddr": {
      "type": "string"
    },
    "Seed": {
      "type": "array",
      "items": {
        "type": "integer",
        "format": "uint8",
        "minimum": 0.0
      },
      "maxItems": 32,
      "minItems": 32
    }
  }
}
