{
  "$schema": "http://json-schema.org/draft-07/schema#",
  "title": "QueryAnswer",
  "anyOf": [
    {
      "type": "object",
      "required": [
        "config"
      ],
      "properties": {
        "config": {
          "$ref": "#/definitions/Config"
        }
      }
    }
  ],
  "definitions": {
    "Config": {
      "type": "object",
      "required": [
        "bitcoin_spv",
        "sfps",
        "state_proxy"
      ],
      "properties": {
        "bitcoin_spv": {
          "$ref": "#/definitions/ContractReference"
        },
        "sfps": {
          "$ref": "#/definitions/ContractReference"
        },
        "state_proxy": {
          "$ref": "#/definitions/ContractReference"
        }
      }
    },
    "ContractReference": {
      "type": "object",
      "required": [
        "address",
        "hash"
      ],
      "properties": {
        "address": {
          "$ref": "#/definitions/HumanAddr"
        },
        "hash": {
          "type": "string"
        }
      }
    },
    "HumanAddr": {
      "type": "string"
    }
  }
}
