{
  "$schema": "http://json-schema.org/draft-07/schema#",
  "title": "HandleMsg",
  "anyOf": [
    {
      "type": "object",
      "required": [
        "create_viewing_key"
      ],
      "properties": {
        "create_viewing_key": {
          "type": "object",
          "required": [
            "entropy"
          ],
          "properties": {
            "entropy": {
              "type": "string"
            }
          }
        }
      }
    },
    {
      "type": "object",
      "required": [
        "set_viewing_key"
      ],
      "properties": {
        "set_viewing_key": {
          "type": "object",
          "required": [
            "key"
          ],
          "properties": {
            "key": {
              "$ref": "#/definitions/ViewingKey"
            }
          }
        }
      }
    },
    {
      "type": "object",
      "required": [
        "request_mint_address"
      ],
      "properties": {
        "request_mint_address": {
          "type": "object",
          "required": [
            "entropy"
          ],
          "properties": {
            "entropy": {
              "$ref": "#/definitions/Binary"
            }
          }
        }
      }
    },
    {
      "type": "object",
      "required": [
        "verify_mint_tx"
      ],
      "properties": {
        "verify_mint_tx": {
          "type": "object",
          "required": [
            "height",
            "merkle_proof",
            "tx"
          ],
          "properties": {
            "height": {
              "type": "integer",
              "format": "uint32",
              "minimum": 0.0
            },
            "merkle_proof": {
              "$ref": "#/definitions/MerkleProofMsg"
            },
            "tx": {
              "$ref": "#/definitions/Binary"
            }
          }
        }
      }
    },
    {
      "type": "object",
      "required": [
        "release_incorrect_amount_b_t_c"
      ],
      "properties": {
        "release_incorrect_amount_b_t_c": {
          "type": "object",
          "required": [
            "fee_per_vb",
            "height",
            "merkle_proof",
            "recipient_address",
            "tx"
          ],
          "properties": {
            "fee_per_vb": {
              "type": "integer",
              "format": "uint64",
              "minimum": 0.0
            },
            "height": {
              "type": "integer",
              "format": "uint32",
              "minimum": 0.0
            },
            "merkle_proof": {
              "$ref": "#/definitions/MerkleProofMsg"
            },
            "recipient_address": {
              "type": "string"
            },
            "tx": {
              "$ref": "#/definitions/Binary"
            }
          }
        }
      }
    },
    {
      "type": "object",
      "required": [
        "request_release_btc"
      ],
      "properties": {
        "request_release_btc": {
          "type": "object",
          "required": [
            "amount",
            "entropy"
          ],
          "properties": {
            "amount": {
              "type": "integer",
              "format": "uint64",
              "minimum": 0.0
            },
            "entropy": {
              "$ref": "#/definitions/Binary"
            }
          }
        }
      }
    },
    {
      "type": "object",
      "required": [
        "claim_released_btc"
      ],
      "properties": {
        "claim_released_btc": {
          "type": "object",
          "required": [
            "block_hash_index",
            "encryption_key",
            "fee_per_vb",
            "headers",
            "merkle_proof",
            "recipient_address"
          ],
          "properties": {
            "block_hash_index": {
              "type": "integer",
              "format": "uint64",
              "minimum": 0.0
            },
            "encryption_key": {
              "$ref": "#/definitions/Binary"
            },
            "fee_per_vb": {
              "type": "integer",
              "format": "uint64",
              "minimum": 0.0
            },
            "headers": {
              "type": "array",
              "items": {
                "type": "string"
              }
            },
            "merkle_proof": {
              "$ref": "#/definitions/MerkleProof"
            },
            "recipient_address": {
              "type": "string"
            }
          }
        }
      }
    },
    {
      "type": "object",
      "required": [
        "change_owner"
      ],
      "properties": {
        "change_owner": {
          "type": "object",
          "required": [
            "new_owner"
          ],
          "properties": {
            "new_owner": {
              "$ref": "#/definitions/HumanAddr"
            }
          }
        }
      }
    },
    {
      "type": "object",
      "required": [
        "set_suspension_switch"
      ],
      "properties": {
        "set_suspension_switch": {
          "type": "object",
          "required": [
            "suspension_switch"
          ],
          "properties": {
            "suspension_switch": {
              "$ref": "#/definitions/SuspensionSwitch"
            }
          }
        }
      }
    },
    {
      "type": "object",
      "required": [
        "release_btc_by_owner"
      ],
      "properties": {
        "release_btc_by_owner": {
          "type": "object",
          "required": [
            "fee_per_vb",
            "max_input_length",
            "recipient_address",
            "tx_value"
          ],
          "properties": {
            "fee_per_vb": {
              "type": "integer",
              "format": "uint64",
              "minimum": 0.0
            },
            "max_input_length": {
              "type": "integer",
              "format": "uint64",
              "minimum": 0.0
            },
            "recipient_address": {
              "type": "string"
            },
            "tx_value": {
              "type": "integer",
              "format": "uint64",
              "minimum": 0.0
            }
          }
        }
      }
    }
  ],
  "definitions": {
    "Binary": {
      "description": "Binary is a wrapper around Vec<u8> to add base64 de/serialization with serde. It also adds some helper methods to help encode inline.\n\nThis is only needed as serde-json-{core,wasm} has a horrible encoding for Vec<u8>",
      "type": "string"
    },
    "HumanAddr": {
      "type": "string"
    },
    "MerkleProof": {
      "type": "object",
      "required": [
        "aunts",
        "index",
        "leaf",
        "total"
      ],
      "properties": {
        "aunts": {
          "type": "array",
          "items": {
            "type": "string"
          }
        },
        "index": {
          "type": "integer",
          "format": "uint64",
          "minimum": 0.0
        },
        "leaf": {
          "type": "string"
        },
        "total": {
          "type": "integer",
          "format": "uint64",
          "minimum": 0.0
        }
      }
    },
    "MerkleProofMsg": {
      "type": "object",
      "required": [
        "prefix",
        "siblings"
      ],
      "properties": {
        "prefix": {
          "type": "array",
          "items": {
            "type": "boolean"
          }
        },
        "siblings": {
          "type": "array",
          "items": {
            "type": "string"
          }
        }
      }
    },
    "SuspensionSwitch": {
      "type": "object",
      "required": [
        "claim_release_btc",
        "release_incorrect_amount_btc",
        "request_mint_address",
        "request_release_btc",
        "verify_mint_tx"
      ],
      "properties": {
        "claim_release_btc": {
          "type": "boolean"
        },
        "release_incorrect_amount_btc": {
          "type": "boolean"
        },
        "request_mint_address": {
          "type": "boolean"
        },
        "request_release_btc": {
          "type": "boolean"
        },
        "verify_mint_tx": {
          "type": "boolean"
        }
      }
    },
    "ViewingKey": {
      "type": "string"
    }
  }
}
