{
  "$schema": "http://json-schema.org/draft-07/schema#",
  "title": "InitMsg",
  "type": "object",
  "required": [
    "config",
    "seed"
  ],
  "properties": {
    "config": {
      "$ref": "#/definitions/Config"
    },
    "seed": {
      "$ref": "#/definitions/Seed"
    }
  },
  "definitions": {
    "Config": {
      "type": "object",
      "required": [
        "bitcoin_spv",
        "btc_tx_values",
        "log",
        "owner",
        "sbtc",
        "sfps",
        "state_proxy"
      ],
      "properties": {
        "bitcoin_spv": {
          "description": "[Contract References]",
          "allOf": [
            {
              "$ref": "#/definitions/ContractReference"
            }
          ]
        },
        "btc_tx_values": {
          "description": "[Bitcoin] Unit of utxo value that the contrat accepts",
          "type": "array",
          "items": {
            "type": "integer",
            "format": "uint64",
            "minimum": 0.0
          }
        },
        "log": {
          "$ref": "#/definitions/ContractReference"
        },
        "owner": {
          "description": "[Owner]",
          "allOf": [
            {
              "$ref": "#/definitions/HumanAddr"
            }
          ]
        },
        "sbtc": {
          "$ref": "#/definitions/ContractReference"
        },
        "sfps": {
          "$ref": "#/definitions/ContractReference"
        },
        "state_proxy": {
          "$ref": "#/definitions/ContractReference"
        }
      }
    },
    "ContractReference": {
      "type": "object",
      "required": [
        "address",
        "hash"
      ],
      "properties": {
        "address": {
          "$ref": "#/definitions/HumanAddr"
        },
        "hash": {
          "type": "string"
        }
      }
    },
    "HumanAddr": {
      "type": "string"
    },
    "Seed": {
      "type": "array",
      "items": {
        "type": "integer",
        "format": "uint8",
        "minimum": 0.0
      },
      "maxItems": 32,
      "minItems": 32
    }
  }
}
