{
  "$schema": "http://json-schema.org/draft-07/schema#",
  "title": "QueryMsg",
  "anyOf": [
    {
      "type": "object",
      "required": [
        "mint_address"
      ],
      "properties": {
        "mint_address": {
          "type": "object",
          "required": [
            "address",
            "key"
          ],
          "properties": {
            "address": {
              "$ref": "#/definitions/HumanAddr"
            },
            "key": {
              "$ref": "#/definitions/ViewingKey"
            }
          }
        }
      }
    },
    {
      "type": "object",
      "required": [
        "suspension_switch"
      ],
      "properties": {
        "suspension_switch": {
          "type": "object"
        }
      }
    },
    {
      "type": "object",
      "required": [
        "config"
      ],
      "properties": {
        "config": {
          "type": "object"
        }
      }
    }
  ],
  "definitions": {
    "HumanAddr": {
      "type": "string"
    },
    "ViewingKey": {
      "type": "string"
    }
  }
}
