{
  "$schema": "http://json-schema.org/draft-07/schema#",
  "title": "QueryAnswer",
  "anyOf": [
    {
      "type": "object",
      "required": [
        "mint_address"
      ],
      "properties": {
        "mint_address": {
          "type": "object",
          "properties": {
            "address": {
              "type": [
                "string",
                "null"
              ]
            }
          }
        }
      }
    },
    {
      "type": "object",
      "required": [
        "config"
      ],
      "properties": {
        "config": {
          "$ref": "#/definitions/Config"
        }
      }
    },
    {
      "type": "object",
      "required": [
        "suspension_switch"
      ],
      "properties": {
        "suspension_switch": {
          "$ref": "#/definitions/SuspensionSwitch"
        }
      }
    },
    {
      "type": "object",
      "required": [
        "viewing_key_error"
      ],
      "properties": {
        "viewing_key_error": {
          "type": "object",
          "required": [
            "msg"
          ],
          "properties": {
            "msg": {
              "type": "string"
            }
          }
        }
      }
    }
  ],
  "definitions": {
    "Config": {
      "type": "object",
      "required": [
        "bitcoin_spv",
        "btc_tx_values",
        "log",
        "owner",
        "sbtc",
        "sfps",
        "state_proxy"
      ],
      "properties": {
        "bitcoin_spv": {
          "description": "[Contract References]",
          "allOf": [
            {
              "$ref": "#/definitions/ContractReference"
            }
          ]
        },
        "btc_tx_values": {
          "description": "[Bitcoin] Unit of utxo value that the contrat accepts",
          "type": "array",
          "items": {
            "type": "integer",
            "format": "uint64",
            "minimum": 0.0
          }
        },
        "log": {
          "$ref": "#/definitions/ContractReference"
        },
        "owner": {
          "description": "[Owner]",
          "allOf": [
            {
              "$ref": "#/definitions/HumanAddr"
            }
          ]
        },
        "sbtc": {
          "$ref": "#/definitions/ContractReference"
        },
        "sfps": {
          "$ref": "#/definitions/ContractReference"
        },
        "state_proxy": {
          "$ref": "#/definitions/ContractReference"
        }
      }
    },
    "ContractReference": {
      "type": "object",
      "required": [
        "address",
        "hash"
      ],
      "properties": {
        "address": {
          "$ref": "#/definitions/HumanAddr"
        },
        "hash": {
          "type": "string"
        }
      }
    },
    "HumanAddr": {
      "type": "string"
    },
    "SuspensionSwitch": {
      "type": "object",
      "required": [
        "claim_release_btc",
        "release_incorrect_amount_btc",
        "request_mint_address",
        "request_release_btc",
        "verify_mint_tx"
      ],
      "properties": {
        "claim_release_btc": {
          "type": "boolean"
        },
        "release_incorrect_amount_btc": {
          "type": "boolean"
        },
        "request_mint_address": {
          "type": "boolean"
        },
        "request_release_btc": {
          "type": "boolean"
        },
        "verify_mint_tx": {
          "type": "boolean"
        }
      }
    }
  }
}
