{
  "$schema": "http://json-schema.org/draft-07/schema#",
  "title": "QueryAnswer",
  "anyOf": [
    {
      "type": "object",
      "required": [
        "config"
      ],
      "properties": {
        "config": {
          "$ref": "#/definitions/Config"
        }
      }
    },
    {
      "type": "object",
      "required": [
        "log"
      ],
      "properties": {
        "log": {
          "type": "object",
          "required": [
            "logs"
          ],
          "properties": {
            "logs": {
              "type": "array",
              "items": {
                "$ref": "#/definitions/Event"
              }
            }
          }
        }
      }
    }
  ],
  "definitions": {
    "Config": {
      "type": "object",
      "required": [
        "gateway"
      ],
      "properties": {
        "gateway": {
          "$ref": "#/definitions/ContractReference"
        }
      }
    },
    "ContractReference": {
      "type": "object",
      "required": [
        "address",
        "hash"
      ],
      "properties": {
        "address": {
          "$ref": "#/definitions/HumanAddr"
        },
        "hash": {
          "type": "string"
        }
      }
    },
    "Event": {
      "description": "This enum is used as JSON schema of Query Response.",
      "anyOf": [
        {
          "description": "tag: 0",
          "type": "object",
          "required": [
            "mint_started"
          ],
          "properties": {
            "mint_started": {
              "$ref": "#/definitions/MintStartedData"
            }
          }
        },
        {
          "description": "tag: 1",
          "type": "object",
          "required": [
            "mint_completed"
          ],
          "properties": {
            "mint_completed": {
              "$ref": "#/definitions/MintCompletedData"
            }
          }
        },
        {
          "description": "tag: 2",
          "type": "object",
          "required": [
            "release_started"
          ],
          "properties": {
            "release_started": {
              "$ref": "#/definitions/ReleaseStartedData"
            }
          }
        },
        {
          "description": "tag: 3",
          "type": "object",
          "required": [
            "release_request_confirmed"
          ],
          "properties": {
            "release_request_confirmed": {
              "$ref": "#/definitions/ReleaseRequestConfirmedData"
            }
          }
        },
        {
          "description": "tag: 4",
          "type": "object",
          "required": [
            "release_completed"
          ],
          "properties": {
            "release_completed": {
              "$ref": "#/definitions/ReleaseCompletedData"
            }
          }
        },
        {
          "description": "tag: 5",
          "type": "object",
          "required": [
            "release_incorrect_amount_b_t_c"
          ],
          "properties": {
            "release_incorrect_amount_b_t_c": {
              "$ref": "#/definitions/ReleaseIncorrectAmountBTCData"
            }
          }
        },
        {
          "description": "tag: 8",
          "type": "object",
          "required": [
            "other"
          ],
          "properties": {
            "other": {
              "type": "string"
            }
          }
        }
      ]
    },
    "HumanAddr": {
      "type": "string"
    },
    "MintCompletedData": {
      "type": "object",
      "required": [
        "address",
        "amount",
        "time",
        "txid"
      ],
      "properties": {
        "address": {
          "type": "string"
        },
        "amount": {
          "type": "integer",
          "format": "uint64",
          "minimum": 0.0
        },
        "time": {
          "type": "integer",
          "format": "uint64",
          "minimum": 0.0
        },
        "txid": {
          "type": "string"
        }
      }
    },
    "MintStartedData": {
      "type": "object",
      "required": [
        "address",
        "time"
      ],
      "properties": {
        "address": {
          "type": "string"
        },
        "time": {
          "type": "integer",
          "format": "uint64",
          "minimum": 0.0
        }
      }
    },
    "ReleaseCompletedData": {
      "type": "object",
      "required": [
        "fee_per_vb",
        "request_key",
        "time",
        "txid"
      ],
      "properties": {
        "fee_per_vb": {
          "type": "integer",
          "format": "uint64",
          "minimum": 0.0
        },
        "request_key": {
          "$ref": "#/definitions/RequestKey"
        },
        "time": {
          "type": "integer",
          "format": "uint64",
          "minimum": 0.0
        },
        "txid": {
          "type": "string"
        }
      }
    },
    "ReleaseIncorrectAmountBTCData": {
      "type": "object",
      "required": [
        "amount",
        "release_from",
        "release_to",
        "time",
        "txid"
      ],
      "properties": {
        "amount": {
          "$ref": "#/definitions/Uint128"
        },
        "release_from": {
          "type": "string"
        },
        "release_to": {
          "type": "string"
        },
        "time": {
          "type": "integer",
          "format": "uint64",
          "minimum": 0.0
        },
        "txid": {
          "type": "string"
        }
      }
    },
    "ReleaseRequestConfirmedData": {
      "type": "object",
      "required": [
        "block_height",
        "request_key",
        "time",
        "txid"
      ],
      "properties": {
        "block_height": {
          "type": "integer",
          "format": "uint64",
          "minimum": 0.0
        },
        "request_key": {
          "$ref": "#/definitions/RequestKey"
        },
        "time": {
          "type": "integer",
          "format": "uint64",
          "minimum": 0.0
        },
        "txid": {
          "type": "string"
        }
      }
    },
    "ReleaseStartedData": {
      "type": "object",
      "required": [
        "amount",
        "request_key",
        "time"
      ],
      "properties": {
        "amount": {
          "type": "integer",
          "format": "uint64",
          "minimum": 0.0
        },
        "request_key": {
          "$ref": "#/definitions/RequestKey"
        },
        "time": {
          "type": "integer",
          "format": "uint64",
          "minimum": 0.0
        }
      }
    },
    "RequestKey": {
      "description": "Bitcoin withdrawal request key. It is sha256 hash of 'requester address + utxo + pseudorandom bytes'.\n\n[IMPORTANT] It must be unpredictable. It must not leak any information about the used pseudorandom bytes and utxo at generation process.\n\nThe request key is provided to the requseter as the proof of the request, in the form of the response of the request transaction. Therefore, the request key is published to the out of the contract. At the claim phase, the requester send the request key to the contract so that the contract can verify the request.",
      "type": "array",
      "items": {
        "type": "integer",
        "format": "uint8",
        "minimum": 0.0
      },
      "maxItems": 32,
      "minItems": 32
    },
    "Uint128": {
      "type": "string"
    }
  }
}
