{
  "$schema": "http://json-schema.org/draft-07/schema#",
  "title": "QueryMsg",
  "anyOf": [
    {
      "type": "object",
      "required": [
        "log"
      ],
      "properties": {
        "log": {
          "type": "object",
          "required": [
            "address",
            "key",
            "page",
            "page_size"
          ],
          "properties": {
            "address": {
              "$ref": "#/definitions/HumanAddr"
            },
            "key": {
              "$ref": "#/definitions/ViewingKey"
            },
            "page": {
              "type": "integer",
              "format": "uint32",
              "minimum": 0.0
            },
            "page_size": {
              "type": "integer",
              "format": "uint32",
              "minimum": 0.0
            }
          }
        }
      }
    },
    {
      "type": "object",
      "required": [
        "config"
      ],
      "properties": {
        "config": {
          "type": "object"
        }
      }
    }
  ],
  "definitions": {
    "HumanAddr": {
      "type": "string"
    },
    "ViewingKey": {
      "type": "string"
    }
  }
}
