{
  "$schema": "http://json-schema.org/draft-07/schema#",
  "title": "HandleMsg",
  "anyOf": [
    {
      "type": "object",
      "required": [
        "change_config"
      ],
      "properties": {
        "change_config": {
          "type": "object",
          "required": [
            "config"
          ],
          "properties": {
            "config": {
              "$ref": "#/definitions/Config"
            }
          }
        }
      }
    },
    {
      "type": "object",
      "required": [
        "submit_transaction"
      ],
      "properties": {
        "submit_transaction": {
          "type": "object",
          "required": [
            "transaction"
          ],
          "properties": {
            "transaction": {
              "$ref": "#/definitions/Transaction"
            }
          }
        }
      }
    },
    {
      "type": "object",
      "required": [
        "sign_transaction"
      ],
      "properties": {
        "sign_transaction": {
          "type": "object",
          "required": [
            "transaction_id"
          ],
          "properties": {
            "transaction_id": {
              "type": "integer",
              "format": "uint32",
              "minimum": 0.0
            }
          }
        }
      }
    }
  ],
  "definitions": {
    "Binary": {
      "description": "Binary is a wrapper around Vec<u8> to add base64 de/serialization with serde. It also adds some helper methods to help encode inline.\n\nThis is only needed as serde-json-{core,wasm} has a horrible encoding for Vec<u8>",
      "type": "string"
    },
    "Coin": {
      "type": "object",
      "required": [
        "amount",
        "denom"
      ],
      "properties": {
        "amount": {
          "$ref": "#/definitions/Uint128"
        },
        "denom": {
          "type": "string"
        }
      }
    },
    "Config": {
      "type": "object",
      "required": [
        "required",
        "signers"
      ],
      "properties": {
        "required": {
          "type": "integer",
          "format": "uint32",
          "minimum": 0.0
        },
        "signers": {
          "type": "array",
          "items": {
            "$ref": "#/definitions/HumanAddr"
          }
        }
      }
    },
    "HumanAddr": {
      "type": "string"
    },
    "Transaction": {
      "type": "object",
      "required": [
        "callback_code_hash",
        "contract_addr",
        "msg",
        "send"
      ],
      "properties": {
        "callback_code_hash": {
          "type": "string"
        },
        "contract_addr": {
          "$ref": "#/definitions/HumanAddr"
        },
        "msg": {
          "$ref": "#/definitions/Binary"
        },
        "send": {
          "type": "array",
          "items": {
            "$ref": "#/definitions/Coin"
          }
        }
      }
    },
    "Uint128": {
      "type": "string"
    }
  }
}
