{
  "$schema": "http://json-schema.org/draft-07/schema#",
  "title": "QueryMsg",
  "anyOf": [
    {
      "type": "object",
      "required": [
        "transaction_status"
      ],
      "properties": {
        "transaction_status": {
          "type": "object",
          "required": [
            "transaction_id"
          ],
          "properties": {
            "transaction_id": {
              "type": "integer",
              "format": "uint32",
              "minimum": 0.0
            }
          }
        }
      }
    },
    {
      "type": "object",
      "required": [
        "multisig_status"
      ],
      "properties": {
        "multisig_status": {
          "type": "object"
        }
      }
    }
  ]
}
