{
  "$schema": "http://json-schema.org/draft-07/schema#",
  "title": "QueryAnswer",
  "anyOf": [
    {
      "type": "object",
      "required": [
        "transaction_status"
      ],
      "properties": {
        "transaction_status": {
          "$ref": "#/definitions/TransactionStatus"
        }
      }
    },
    {
      "type": "object",
      "required": [
        "multisig_status"
      ],
      "properties": {
        "multisig_status": {
          "$ref": "#/definitions/MultisigStatus"
        }
      }
    }
  ],
  "definitions": {
    "Binary": {
      "description": "Binary is a wrapper around Vec<u8> to add base64 de/serialization with serde. It also adds some helper methods to help encode inline.\n\nThis is only needed as serde-json-{core,wasm} has a horrible encoding for Vec<u8>",
      "type": "string"
    },
    "Coin": {
      "type": "object",
      "required": [
        "amount",
        "denom"
      ],
      "properties": {
        "amount": {
          "$ref": "#/definitions/Uint128"
        },
        "denom": {
          "type": "string"
        }
      }
    },
    "Config": {
      "type": "object",
      "required": [
        "required",
        "signers"
      ],
      "properties": {
        "required": {
          "type": "integer",
          "format": "uint32",
          "minimum": 0.0
        },
        "signers": {
          "type": "array",
          "items": {
            "$ref": "#/definitions/HumanAddr"
          }
        }
      }
    },
    "HumanAddr": {
      "type": "string"
    },
    "MultisigStatus": {
      "type": "object",
      "required": [
        "config",
        "transaction_count"
      ],
      "properties": {
        "config": {
          "$ref": "#/definitions/Config"
        },
        "transaction_count": {
          "type": "integer",
          "format": "uint32",
          "minimum": 0.0
        }
      }
    },
    "Transaction": {
      "type": "object",
      "required": [
        "callback_code_hash",
        "contract_addr",
        "msg",
        "send"
      ],
      "properties": {
        "callback_code_hash": {
          "type": "string"
        },
        "contract_addr": {
          "$ref": "#/definitions/HumanAddr"
        },
        "msg": {
          "$ref": "#/definitions/Binary"
        },
        "send": {
          "type": "array",
          "items": {
            "$ref": "#/definitions/Coin"
          }
        }
      }
    },
    "TransactionStatus": {
      "type": "object",
      "required": [
        "config",
        "signed_by",
        "transaction"
      ],
      "properties": {
        "config": {
          "$ref": "#/definitions/Config"
        },
        "signed_by": {
          "type": "array",
          "items": {
            "type": "integer",
            "format": "uint32",
            "minimum": 0.0
          }
        },
        "transaction": {
          "$ref": "#/definitions/Transaction"
        }
      }
    },
    "Uint128": {
      "type": "string"
    }
  }
}
