{
  "$schema": "http://json-schema.org/draft-07/schema#",
  "title": "InitMsg",
  "type": "object",
  "required": [
    "bitcoin_network",
    "confirmation",
    "seed",
    "state_proxy"
  ],
  "properties": {
    "bitcoin_network": {
      "type": "string"
    },
    "confirmation": {
      "type": "integer",
      "format": "uint8",
      "minimum": 0.0
    },
    "initial_header": {
      "anyOf": [
        {
          "$ref": "#/definitions/InitialHeader"
        },
        {
          "type": "null"
        }
      ]
    },
    "seed": {
      "$ref": "#/definitions/Seed"
    },
    "state_proxy": {
      "$ref": "#/definitions/ContractReference"
    }
  },
  "definitions": {
    "Binary": {
      "description": "Binary is a wrapper around Vec<u8> to add base64 de/serialization with serde. It also adds some helper methods to help encode inline.\n\nThis is only needed as serde-json-{core,wasm} has a horrible encoding for Vec<u8>",
      "type": "string"
    },
    "ContractReference": {
      "type": "object",
      "required": [
        "address",
        "hash"
      ],
      "properties": {
        "address": {
          "$ref": "#/definitions/HumanAddr"
        },
        "hash": {
          "type": "string"
        }
      }
    },
    "HumanAddr": {
      "type": "string"
    },
    "InitialHeader": {
      "type": "object",
      "required": [
        "header",
        "height"
      ],
      "properties": {
        "header": {
          "$ref": "#/definitions/Binary"
        },
        "height": {
          "type": "integer",
          "format": "uint32",
          "minimum": 0.0
        }
      }
    },
    "Seed": {
      "type": "array",
      "items": {
        "type": "integer",
        "format": "uint8",
        "minimum": 0.0
      },
      "maxItems": 32,
      "minItems": 32
    }
  }
}
