{
    "local": {
        "bitcoin_network": "regtest",
        "confirmation": 6
    },
    "testnet": {
        "bitcoin_network": "testnet",
        "confirmation": 1,
        "initial_header": {
            "height": 2286144,
            "header":"AEAzL0a/8xRTSyjCFarVbZzLRpTiylhzg256HiEAAAAAAAAAlQi8Hx8jXu4qMTjxcrb0PDA4PAFe+kuqhThB6KD+d8oxxdFi8do4GTsmkfk="
        }
    },
    "mainnet-test": {
        "bitcoin_network": "testnet",
        "confirmation": 1,
        "initial_header": {
            "height": 2286144,
            "header":"AEAzL0a/8xRTSyjCFarVbZzLRpTiylhzg256HiEAAAAAAAAAlQi8Hx8jXu4qMTjxcrb0PDA4PAFe+kuqhThB6KD+d8oxxdFi8do4GTsmkfk="
        }
    }
}