{
    "local": {
        "name": "shinobi",
        "symbol": "SNB",
        "decimals": 8,
        "config": {
            "public_total_supply": true,
            "enable_mint": true,
            "enable_burn": true
        }
    },
    "testnet": {
        "name": "shinobi",
        "symbol": "SNB",
        "decimals": 8,
        "config": {
            "public_total_supply": true,
            "enable_mint": true,
            "enable_burn": true
        }
    },
    "mainnet-test": {
        "name": "test-shinobi-beta2",
        "symbol": "TSNB",
        "decimals": 8,
        "config": {
            "public_total_supply": true,
            "enable_mint": true,
            "enable_burn": true
        }
    },
    "production": {
        "name": "shinobi",
        "symbol": "SNB",
        "decimals": 8,
        "config": {
            "public_total_supply": true,
            "enable_mint": true,
            "enable_burn": true
        }
    }
}