{
  "$schema": "http://json-schema.org/draft-07/schema#",
  "title": "HandleMsg",
  "anyOf": [
    {
      "type": "object",
      "required": [
        "receive"
      ],
      "properties": {
        "receive": {
          "$ref": "#/definitions/Snip20ReceiveMsg"
        }
      }
    },
    {
      "type": "object",
      "required": [
        "claim"
      ],
      "properties": {
        "claim": {
          "type": "object",
          "required": [
            "id"
          ],
          "properties": {
            "id": {
              "type": "integer",
              "format": "uint32",
              "minimum": 0.0
            }
          }
        }
      }
    }
  ],
  "definitions": {
    "Binary": {
      "description": "Binary is a wrapper around Vec<u8> to add base64 de/serialization with serde. It also adds some helper methods to help encode inline.\n\nThis is only needed as serde-json-{core,wasm} has a horrible encoding for Vec<u8>",
      "type": "string"
    },
    "HumanAddr": {
      "type": "string"
    },
    "Snip20ReceiveMsg": {
      "description": "Snip20ReceiveMsg should be de/serialized under `Receive()` variant in a HandleMsg",
      "type": "object",
      "required": [
        "amount",
        "from",
        "sender"
      ],
      "properties": {
        "amount": {
          "$ref": "#/definitions/Uint128"
        },
        "from": {
          "$ref": "#/definitions/HumanAddr"
        },
        "memo": {
          "type": [
            "string",
            "null"
          ]
        },
        "msg": {
          "anyOf": [
            {
              "$ref": "#/definitions/Binary"
            },
            {
              "type": "null"
            }
          ]
        },
        "sender": {
          "$ref": "#/definitions/HumanAddr"
        }
      }
    },
    "Uint128": {
      "type": "string"
    }
  }
}
