{
  "$schema": "http://json-schema.org/draft-07/schema#",
  "title": "HandleMsg",
  "anyOf": [
    {
      "type": "object",
      "required": [
        "init_contract_state"
      ],
      "properties": {
        "init_contract_state": {
          "type": "object",
          "required": [
            "contract_label",
            "public_key"
          ],
          "properties": {
            "contract_label": {
              "$ref": "#/definitions/Binary"
            },
            "public_key": {
              "$ref": "#/definitions/Binary"
            }
          }
        }
      }
    },
    {
      "type": "object",
      "required": [
        "write_contract_state"
      ],
      "properties": {
        "write_contract_state": {
          "type": "object",
          "required": [
            "contract_label",
            "transaction"
          ],
          "properties": {
            "contract_label": {
              "$ref": "#/definitions/Binary"
            },
            "transaction": {
              "type": "array",
              "items": {
                "type": "array",
                "items": [
                  {
                    "$ref": "#/definitions/Binary"
                  },
                  {
                    "$ref": "#/definitions/WriteAction"
                  }
                ],
                "maxItems": 2,
                "minItems": 2
              }
            }
          }
        }
      }
    },
    {
      "type": "object",
      "required": [
        "change_owner_by_admin"
      ],
      "properties": {
        "change_owner_by_admin": {
          "type": "object",
          "required": [
            "contract_label",
            "next_owner"
          ],
          "properties": {
            "contract_label": {
              "$ref": "#/definitions/Binary"
            },
            "next_owner": {
              "$ref": "#/definitions/Owner"
            }
          }
        }
      }
    },
    {
      "type": "object",
      "required": [
        "change_admin"
      ],
      "properties": {
        "change_admin": {
          "type": "object",
          "required": [
            "next_admin"
          ],
          "properties": {
            "next_admin": {
              "$ref": "#/definitions/HumanAddr"
            }
          }
        }
      }
    }
  ],
  "definitions": {
    "Binary": {
      "description": "Binary is a wrapper around Vec<u8> to add base64 de/serialization with serde. It also adds some helper methods to help encode inline.\n\nThis is only needed as serde-json-{core,wasm} has a horrible encoding for Vec<u8>",
      "type": "string"
    },
    "HumanAddr": {
      "type": "string"
    },
    "Owner": {
      "type": "object",
      "required": [
        "address",
        "public_key"
      ],
      "properties": {
        "address": {
          "$ref": "#/definitions/HumanAddr"
        },
        "public_key": {
          "$ref": "#/definitions/Binary"
        }
      }
    },
    "WriteAction": {
      "anyOf": [
        {
          "type": "object",
          "required": [
            "set"
          ],
          "properties": {
            "set": {
              "type": "object",
              "required": [
                "value"
              ],
              "properties": {
                "value": {
                  "$ref": "#/definitions/Binary"
                }
              }
            }
          }
        },
        {
          "type": "object",
          "required": [
            "remove"
          ],
          "properties": {
            "remove": {
              "type": "object"
            }
          }
        }
      ]
    }
  }
}
