{
  "$schema": "http://json-schema.org/draft-07/schema#",
  "title": "InitMsg",
  "type": "object",
  "required": [
    "contract_owners"
  ],
  "properties": {
    "contract_owners": {
      "type": "array",
      "items": {
        "type": "array",
        "items": [
          {
            "$ref": "#/definitions/Binary"
          },
          {
            "$ref": "#/definitions/Owner"
          }
        ],
        "maxItems": 2,
        "minItems": 2
      }
    }
  },
  "definitions": {
    "Binary": {
      "description": "Binary is a wrapper around Vec<u8> to add base64 de/serialization with serde. It also adds some helper methods to help encode inline.\n\nThis is only needed as serde-json-{core,wasm} has a horrible encoding for Vec<u8>",
      "type": "string"
    },
    "HumanAddr": {
      "type": "string"
    },
    "Owner": {
      "type": "object",
      "required": [
        "address",
        "public_key"
      ],
      "properties": {
        "address": {
          "$ref": "#/definitions/HumanAddr"
        },
        "public_key": {
          "$ref": "#/definitions/Binary"
        }
      }
    }
  }
}
