{
  "$schema": "http://json-schema.org/draft-07/schema#",
  "title": "QueryAnswer",
  "anyOf": [
    {
      "type": "object",
      "required": [
        "admin"
      ],
      "properties": {
        "admin": {
          "type": "object",
          "required": [
            "admin"
          ],
          "properties": {
            "admin": {
              "$ref": "#/definitions/HumanAddr"
            }
          }
        }
      }
    },
    {
      "type": "object",
      "required": [
        "owner"
      ],
      "properties": {
        "owner": {
          "type": "object",
          "properties": {
            "owner": {
              "anyOf": [
                {
                  "$ref": "#/definitions/Owner"
                },
                {
                  "type": "null"
                }
              ]
            }
          }
        }
      }
    },
    {
      "type": "object",
      "required": [
        "read_contract_state"
      ],
      "properties": {
        "read_contract_state": {
          "type": "object",
          "properties": {
            "value": {
              "anyOf": [
                {
                  "$ref": "#/definitions/Binary"
                },
                {
                  "type": "null"
                }
              ]
            }
          }
        }
      }
    }
  ],
  "definitions": {
    "Binary": {
      "description": "Binary is a wrapper around Vec<u8> to add base64 de/serialization with serde. It also adds some helper methods to help encode inline.\n\nThis is only needed as serde-json-{core,wasm} has a horrible encoding for Vec<u8>",
      "type": "string"
    },
    "HumanAddr": {
      "type": "string"
    },
    "Owner": {
      "type": "object",
      "required": [
        "address",
        "public_key"
      ],
      "properties": {
        "address": {
          "$ref": "#/definitions/HumanAddr"
        },
        "public_key": {
          "$ref": "#/definitions/Binary"
        }
      }
    }
  }
}
